League;country
Albania Championship;Albania
Albania First Division;Albania
Albania Cup;Albania
Albania Play-offs;Albania
Albania Super Cup;Albania
Algeria U21 Division 1;Algeria
Algeria Regional League;Algeria
Algeria League Women;Algeria
Algeria U21 Division 2;Algeria
Algeria Division 2;Algeria
Algeria Division 1;Algeria
Algeria Elite Championship Women;Algeria
Algeria Cup;Algeria
Algeria U21 Cup;Algeria
Algeria Cup Women;Algeria
Algeria D1 Championship Women;Algeria
Algeria D2 Championship Women;Algeria
Algeria Regional Cup;Algeria
Algeria Super Cup;Algeria
Algeria Super Cup Women;Algeria
Algeria U19 League;Algeria
Algeria U20 Cup;Algeria
Algeria U20 League;Algeria
Andorra Premier Division;Andorra
Andorra Cup;Andorra
Andorra Play-Offs;Andorra
Andorra Second Division;Andorra
Andorra Super Cup;Andorra
Angola Girabola;Angola
Angola Cup;Angola
Antigua & Barbuda Premier Division;Antigua & Barbuda
Argentina Reserve League;Argentina
Argentina Primera B Metropolitana;Argentina
Argentina Torneo Promocional Amateur;Argentina
Argentina Cup;Argentina
Argentina Copa de la Liga Profesional;Argentina
Argentina Nacional B;Argentina
Argentina Regional League;Argentina
Argentina Primera C Metropolitana;Argentina
Argentina Torneo Regional Amateur;Argentina
Argentina Championship Women;Argentina
Argentina Regional Cup;Argentina
Argentina Super Cup;Argentina
Argentina Liga Profesional Reserves;Argentina
Argentina Torneo A;Argentina
Argentina Youth League;Argentina
Argentina Primera B Women;Argentina
Argentina Liga Profesional;Argentina
Argentina Copa Santa Fe;Argentina
Argentina Primera C Women;Argentina
Argentina Copa Santa Fe Women;Argentina
Argentina Nacional Reserve League;Argentina
Argentina Copa Mendoza;Argentina
Argentina Copa Santa Fe Women - 80 mins play;Argentina
Argentina Play-offs;Argentina
Argentina Primera B Metropolitana Reserves;Argentina
Argentina Primera C Metropolitana Reserves;Argentina
Argentina Reserve Cup;Argentina
Argentina Trophy of Champions;Argentina
Argentina Trophy of Champions Women;Argentina
Armenia Premier League;Armenia
Armenian Cup;Armenia
Armenia Super Cup;Armenia
Aruba Division Di Honor;Aruba
Aruba Cup;Aruba
Aruba Division Uno;Aruba
Aruba Play-offs;Aruba
Australia NSW League 1 U20;Australia
Australia New South Wales League 1;Australia
Australia FFA Cup Qualifying;Australia
Australia New South Wales League 2;Australia
Australia A-League;Australia
Australia A-League Women;Australia
Australia NPL Victoria U23;Australia
Australia Victoria PL 1 U23;Australia
Australia Queensland PL U23;Australia
Australia NPL Queensland U23;Australia
Australia NPL Victoria;Australia
Australia South Australia Premier League;Australia
Australia Northern NSW Premier League Women;Australia
Australia Victoria Premier League 1;Australia
Australia Queensland Premier League;Australia
Australia Queensland Premier League 2;Australia
Australia NPL Queensland;Australia
Australia Queensland Premier League 3;Australia
Australia Friendlies;Australia
Australia NPL Queensland Women;Australia
Australia Northern NSW Reserves League;Australia
Australia SA Premier League Reserves;Australia
Australia South Australia State League Reserves;Australia
Australia Northern NSW Premier League;Australia
Australia South Australia State League 1;Australia
Australia New South Wales Premier League;Australia
Australia New South Wales U20 League;Australia
Australia New South Wales NPL Women;Australia
Australia Victoria Premier League 2;Australia
Australia SA Premier League Women;Australia
Australia NPL Victoria Women;Australia
Australia Tasmania Premier League;Australia
Australia Tasmania Championship;Australia
Australia SA Premier League Women Reserves;Australia
Australia Tasmania Super League Women;Australia
Australia Tasmania NPL U21 League;Australia
Australia Western Australia U20 League;Australia
Australia Queensland Premier League Women;Australia
Australia Western Australia Premier League;Australia
Australia Darwin Premier League;Australia
Australia Victoria State League 1;Australia
Australia WA State League 1 Reserves;Australia
Australia Western Australia State League 1;Australia
Australia WA Premier League Women;Australia
Australia Capital Territory Premier League Women;Australia
Australia Capital Territory U23 League;Australia
Australia Capital Territory Premier League;Australia
Australia Capital Territory NPL2;Australia
Australia Tasmania Cup Women;Australia
Australia Victoria Cup;Australia
Australia Victoria Cup Women;Australia
Australia WA State Cup Women;Australia
Australia New South Wales Cup Women;Australia
Australia New South Wales Cup;Australia
Australia WA Premier League Women U21;Australia
Australia Queensland Cup;Australia
Australia Cup;Australia
Australia Brisbane Capital League 1;Australia
Australia Brisbane Premier Reserve League;Australia
Australia Championship;Australia
Australia Cup Qualifying;Australia
Australia NSW League 2 U20;Australia
Australia Queensland Cup Women;Australia
Australia Queensland PL 2 U23;Australia
Australia Queensland Pro Series;Australia
Australia Sunshine Coast Premier League Reserves;Australia
Australia Victoria NPL2 U20 League;Australia
Australia WA State League Cup;Australia
Australia Western Australia U23 League;Australia
Australian Matches;Australian
Austria 2. Liga;Austria
Austria Landesliga;Austria
Austria Regionalliga Ost;Austria
Austria Regionalliga Mitte;Austria
Austria Bundesliga;Austria
Austria Cup Women;Austria
Austria 2. Landesliga;Austria
Austria Amateur Cup;Austria
Austria League 1 Women;Austria
Austria Regionalliga West;Austria
Austria Regionalliga Tirol;Austria
Austria Cup;Austria
Austria Regionalliga Vorarlberg;Austria
Austrian Matches;Austria
Austria Regionalliga Salzburg;Austria
Austria Bundesliga Play-Offs;Austria
Austria Women League 2;Austria
Azerbaijan Division 1;Azerbaijan
Azerbaijan Premier League;Azerbaijan
Azerbaijan Cup;Azerbaijan
Azerbaijan Reserve League;Azerbaijan
Bahrain Division 2;Bahrain
Bahrain Premier League;Bahrain
Bahrain Youth League;Bahrain
Bahrain Kings Cup;Bahrain
Bahrain U21 League;Bahrain
Bahrain Cup;Bahrain
Bahrain Youth Cup;Bahrain
Bahrain Play-Offs;Bahrain
Bahrain Super Cup;Bahrain
Baller League UK - 30 mins play;Not Football
Bangalore A Division;India
Bangladesh Championship League;Bangladesh
Bangladesh Premier League;Bangladesh
Bangladesh Federation Cup;Bangladesh
Bangladesh League Women;Bangladesh
Bangladesh Challenge Cup;Bangladesh
Barbados Premier League;Barbados
Barbados BFA Champions Cup;Barbados
Barbados Challenge Cup;Barbados
Belgium Cup;Belgium
Belgium Reserve League;Belgium
Belgium First Amateur Division;Belgium
Belgium First Division B;Belgium
Belgium Super League Women;Belgium
Belgium First Division A;Belgium
Belgium Second Amateur Division VFV A;Belgium
Belgium Second Amateur Division ACFF;Belgium
Belgium Second Amateur Division VFV B;Belgium
Belgium Cup Women;Belgium
Belgium Division 1 Women;Belgium
Belgium First Division B Play-Offs;Belgium
Belgium First Division A Play-Offs;Belgium
Belgium Second Amateur Division Play-Offs;Belgium
Belgium Super Cup;Belgium
Belize Premier League;Belize
Benin Ligue 1;Benin
Bermuda Premier League;Bermuda
Bhutan Premier League Qualifiers;Bhutan
Bhutan Premier League;Bhutan
Bolivia Apertura;Bolivia
Bolivia Play-Offs;Bolivia
Bolivia Copa Simon Bolivar;Bolivia
Bolivia Clausura;Bolivia
Bolivia Reserve League;Bolivia
Bolivia Liga Nacional U19;Bolivia
Bolivia Copa Division Profesional;Bolivia
Bolivia Liga Femenina;Bolivia
Bolivia Primera Division;Bolivia
Bolivia Primera Division Play-Offs;Bolivia
Bosnia & Herzegovina 1st League Women;Bosnia
Bosnia & Herzegovina U19 Liga;Bosnia
Bosnia & Herzegovina Cup;Bosnia
Bosnia & Herzegovina Premier Liga;Bosnia
Bosnia & Herzegovina 1st League;Bosnia
Bosnia & Herzegovina Cup Women;Bosnia
Bosnia & Herzegovina 2nd League;Bosnia
Bosnia & Herzegovina Regional Cup;Bosnia
Botsuana - Premier League;Botswana
Botswana FA Cup;Botswana
Botswana Premier League;Botswana
Brazil Campeonato Paulista A3;Brazil
Brazil Campeonato Paulista A4;Brazil
Brazil Copa Verde;Brazil
Portugal Campeonato Nacional;Brazil
Brazil Campeonato Catarinense;Brazil
Brazil Copa Nordeste;Brazil
Brazil Campeonato Paulista;Brazil
Brazil Super Copa Gaucho;Brazil
Brazil Paraense;Brazil
Brazil Campeonato Piauiense;Brazil
Brazil Campeonato Cearense;Brazil
Brazil Campeonato Sul-Matogrossense;Brazil
Brazil Campeonato Maranhense;Brazil
Brazil Campeonato Paraibano;Brazil
Brazil Amazonense;Brazil
Brazil Matches Women;Brazil
Brazil Campeonato Cearense B;Brazil
Brazil U20 League;Brazil
Brazil Campeonato Amapaense;Brazil
Brazil Campeonato Pernambucano;Brazil
Portugal Campeonato Nacional Women;Brazil
Brazil U20 Cup;Brazil
Portugal Campeonato Nacional II Women;Brazil
Brazil Campeonato Paulista A2;Brazil
Brazil Campeonato Capixaba;Brazil
Brazil Campeonato Brasiliense;Brazil
Brazil Campeonato Tocantinense;Brazil
Brazil Campeonato Carioca;Brazil
Brazil Campeonato Goiano;Brazil
Brazil Campeonato Alagoano;Brazil
Brazil Campeonato Sergipano;Brazil
Brazil Campeonato Paranaense;Brazil
Brazil Campeonato Gaucho;Brazil
Brazil Campeonato Mineiro;Brazil
Brazil Campeonato Matogrossense;Brazil
Brazil Campeonato Baiano;Brazil
Campeonato Potiguar;Brazil
Brazil Matches;Brazil
Brazil Campeonato Acreano;Brazil
Brazil Campeonato U20 Women;Brazil
Brazil Serie A Women;Brazil
Peru Campeonato Nacional Women;Brazil
Brazil Serie A U20;Brazil
Brazil Campeonato Paulista U20;Brazil
Brazil Campeonato Brasileiro A3 Women;Brazil
Brazil Campeonato Gaucho 2;Brazil
Brazil Serie A;Brazil
Brazil Campeonato Brasileiro A2 Women;Brazil
Brazil Serie B;Brazil
Brazil Paulista Serie B;Brazil
Brazil Serie C;Brazil
Brazil Serie D;Brazil
Brazil Campeonato Goiano 2;Brazil
Brazil Campeonato Mineiro 2;Brazil
Brazil Campeonato Paranaense 2;Brazil
Brazil Campeonato Mineiro U20;Brazil
Brazil Campeonato Carioca C;Brazil
Brazil Serie A1 Women;Brazil
Brazil Campeonato Carioca A2;Brazil
Brazil Serie A2 Women;Brazil
Brazil Paulista Women;Brazil
Brazil Serie A3 Women;Brazil
Brazil Catarinense 2;Brazil
Brazil Campeonato Baiano 2;Brazil
Brazil Paulista Cup;Brazil
Brazil Campeonato Pernambucano A2;Brazil
Bolivia Campeonato Integracion Women;Brazil
Brazil Campeonato Sergipano A2;Brazil
Brazil Copa Rio;Brazil
Copa do Brasil;Brazil
Brasile - Campeonato Matogrossense;Brazil
Brazil Amazonense 2;Brazil
Brazil Campeonato Acreano B;Brazil
Brazil Campeonato Acreano Women;Brazil
Brazil Campeonato Alagoano B;Brazil
Brazil Campeonato Alagoano U20;Brazil
Brazil Campeonato Alagoano Women;Brazil
Brazil Campeonato Amazonense U20;Brazil
Brazil Campeonato Amazonense Women;Brazil
Brazil Campeonato Baiano U20 Women;Brazil
Brazil Campeonato Baiano Women;Brazil
Brazil Campeonato Brasileiro Serie B U20;Brazil
Brazil Campeonato Brasiliense B;Brazil
Brazil Campeonato Brasiliense Women;Brazil
Brazil Campeonato Capixaba B;Brazil
Brazil Campeonato Capixaba U20;Brazil
Brazil Campeonato Carioca A2 U20;Brazil
Brazil Campeonato Carioca B;Brazil
Brazil Campeonato Carioca B2;Brazil
Brazil Campeonato Carioca B2 U20;Brazil
Brazil Campeonato Carioca U20;Brazil
Brazil Campeonato Carioca U20 Women;Brazil
Brazil Campeonato Carioca Women;Brazil
Brazil Campeonato Catarinense 3;Brazil
Brazil Campeonato Catarinense U20;Brazil
Brazil Campeonato Catarinense Women;Brazil
Brazil Campeonato Cearense C;Brazil
Brazil Campeonato Cearense U20;Brazil
Brazil Campeonato Cearense Women;Brazil
Brazil Campeonato Gaucho 3;Brazil
Brazil Campeonato Gaucho A2 U20;Brazil
Brazil Campeonato Goiano 3;Brazil
Brazil Campeonato Goiano U20 Women;Brazil
Brazil Campeonato Goiano Women;Brazil
Brazil Campeonato Maranhense B;Brazil
Brazil Campeonato Maranhense Women;Brazil
Brazil Campeonato Mato-Grossense Women;Brazil
Brazil Campeonato Matogrossense U20;Brazil
Brazil Campeonato Mineiro 3;Brazil
Brazil Campeonato Mineiro Women;Brazil
Brazil Campeonato Paraense A3;Brazil
Brazil Campeonato Paraense U20;Brazil
Brazil Campeonato Paraense Women;Brazil
Brazil Campeonato Paraibano 2;Brazil
Brazil Campeonato Paraibano Women;Brazil
Brazil Campeonato Paranaense 3;Brazil
Brazil Campeonato Paulista U20 Women;Brazil
Brazil Campeonato Pernambucano U20;Brazil
Brazil Campeonato Piauiense B;Brazil
Brazil Campeonato Piauiense Women;Brazil
Brazil Campeonato Potiguar 2;Brazil
Brazil Campeonato Potiguar U20;Brazil
Brazil Campeonato Roraimense;Brazil
Brazil Campeonato Roraimense Women;Brazil
Brazil Campeonato Sergipano A3;Brazil
Brazil Campeonato Sergipano Women;Brazil
Brazil Campeonato U20 Women - 80 Mins Play;Brazil
Brazil Campeonato de Aspirantes;Brazil
Brazil Copa Alagoas;Brazil
Brazil Copa Alagoas U20;Brazil
Brazil Copa Atlantico U19 - 70 mins play;Brazil
Brazil Copa Atlantico U19 - 80 mins play;Brazil
Brazil Copa Espirito Santo;Brazil
Brazil Copa Fares Lopes;Brazil
Brazil Copa Gaucho;Brazil
Brazil Copa Goias 2 U20;Brazil
Brazil Copa Goias U20;Brazil
Brazil Copa Grao Para;Brazil
Brazil Copa Maria Bonita Women;Brazil
Brazil Copa Nordeste U20;Brazil
Brazil Copa Parana;Brazil
Brazil Copa Parana U20;Brazil
Brazil Copa Recife U20;Brazil
Brazil Copa Rio Women;Brazil
Brazil Copa Santa Catarina;Brazil
Brazil Copa Santa Catarina U20;Brazil
Brazil Copa Sergipe;Brazil
Brazil Copa Sul U20;Brazil
Brazil Copa Xerem U20 - 80 mins play;Brazil
Brazil Copa Xerem U20 – 80 mins play;Brazil
Brazil Gaucho Women;Brazil
Brazil Kings Cup - 36 mins play inc. Match Ball;Brazil
Brazil Kings Cup – 36 mins play inc. Match Ball;Brazil
Brazil Kings League - 40 mins play;Brazil
Brazil Ladies Cup;Brazil
Brazil Paulista Cup Women;Brazil
Brazil Pernambucano Women;Brazil
Brazil Potiguar Women - 80 mins play;Brazil
Brazil Sao Paulo Youth Cup;Brazil
Brazil Supercopa;Brazil
Brazil Supercopa Women;Brazil
Brazil U20 Copa Brasilia;Brazil
Brazil U20 Copa Sao Paulo Women;Brazil
Brazil U20 Women Cup;Brazil
Brazilian Women Matches - 80 mins play;Brazil
Campeonato Alagoano B;Brazil
Campeonato Capixaba B;Brazil
Campeonato Carioca;Brazil
Campeonato Cearense U20;Brazil
Campeonato Goiano;Brazil
Campeonato Rondoniense;Brazil
Campeonato Roraimense;Brazil
Campeonato Sergipano;Brazil
Campeonato Tocantinense;Brazil
Copa do Brazil Women;Brazil
Brunei FA Cup;Brunei
Brunei Super League;Brunei
Bulgaria Cup;Bulgaria
Bulgaria First League;Bulgaria
Bulgaria Second League;Bulgaria
Bulgaria Premier League Women;Bulgaria
Bulgaria Play-Offs;Bulgaria
Bulgaria - Vysha Liga Femminile;Bulgaria
Bulgaria Supercup;Bulgaria
Burkina Faso - Liga de Burkina Faso;Burkina Faso
Burkina Faso League 2;Burkina Faso
Burkina Faso League Women;Burkina Faso
Burkina Faso League;Burkina Faso
Burkina Faso Cup;Burkina Faso
Burundi Premier League;Burundi
Burundi Cup;Burundi
Cambodia Cup;Cambodia
Cambodia Premier League;Cambodia
Cambodia League 2;Cambodia
Cambodia Super Cup;Cambodia
Cambodia Development League;Cambodia
Cambodia League Women;Cambodia
Cameroon League Women;Cameroon
Cameroon Elite One;Cameroon
Cameroon Elite Two;Cameroon
Cameroon Cup;Cameroon
Cameroon Champions Trophy;Cameroon
Cameroon Play-Offs;Cameroon
Cameroon Super Cup Women;Cameroon
Canada Premier League;Canada
Canada Championships;Canada
Canada Northern Super League Women;Canada
Chile U21 League;Chile
Chile Primera B;Chile
Chile Primera Division;Chile
Chile Segunda;Chile
Chile Primera Division Women;Chile
Chile Tercera;Chile
Chile Cup;Chile
Chile Ascenso Women;Chile
Chile Liga de Primera;Chile
Chile Regional Cup;Chile
Chile Super Cup;Chile
China Super League;China
China Division 1;China
China Super League Women;China
China Division 2;China
China FA Cup;China
China National Games Women;China
China Super Cup;China
China Super League - Reserves;China
China U20 National Games;China
China U21 League;China
Chinese Matches;China
Colombia Primera A;Colombia
Colombia Primera B;Colombia
Colombia U19 Championship;Colombia
Colombia Regional League;Colombia
Colombia Cup;Colombia
Colombia Liga Femenina;Colombia
Colombia Super Cup;Colombia
Colombia U20 League;Colombia
Colômbia - Primera A;Colombia
Congo Ligue 1;Congo
Costa Rica Primera Division;Costa Rica
Costa Rica Cup Women;Costa Rica
Costa Rica Segunda;Costa Rica
Costa Rica Super Cup Women;Costa Rica
Costa Rica Primera Division Women;Costa Rica
Costa Rica Playoffs;Costa Rica
Costa Rica Super Cup;Costa Rica
Costa Rica Cup;Costa Rica
Costa Rica - Segunda División;Costa Rica
Costa Rica Segunda Division Women;Costa Rica
Costa Rica U19 League;Costa Rica
Costa Rica U21 League;Costa Rica
Croatia Cup;Croatia
Croatia U19 League;Croatia
Croatia 1.NL;Croatia
Croatia 2.NL;Croatia
Croatia HNL;Croatia
Croatia 3.NL;Croatia
Croatia First League Women;Croatia
Croatia U19 Cup;Croatia
Croatia Regional Cup;Croatia
Croatia Regional League;Croatia
Croatia 2.HNL Play-Offs;Croatia
Croatia 1.HNL Play-Offs;Croatia
Croatia Women Cup;Croatia
Croatia Play-Offs Women;Croatia
Cuba Campeonato Nacional;Cuba
Curacao League;Curacao
Cyprus Cup;Cyprus
Cyprus Division 2;Cyprus
Cyprus Division 3;Cyprus
Cyprus Division 1;Cyprus
Cyprus Women Division 1;Cyprus
Cyprus Cup Women;Cyprus
Cyprus Super Cup;Cyprus
Cyprus Women League Cup;Cyprus
Cyprus Women Super Cup;Cyprus
Czech Republic 2. Liga;Czech Republic
Czech Republic 3. Ligy;Czech Republic
Czech Republic Youth League;Czech Republic
Czech Republic First League;Czech Republic
Czech Republic 4. Ligy;Czech Republic
Czech Republic Women Div 1;Czech Republic
Czech Republic 5 Ligy;Czech Republic
Czech Republic Women Div 2;Czech Republic
Czech Cup;Czech Republic
Czech Cup Women;Czech Republic
Czech First League Play-Offs;Czech Republic
Czech Republic Tipsport Liga;Czech Republic
Czechia 2. Liga;Czech Republic
Czechia 3. Liga;Czech Republic
Czechia 4. Liga;Czech Republic
Czechia 5. Liga;Czech Republic
Czechia 6. Liga;Czech Republic
Czechia Cup;Czech Republic
Czechia Div 1 Women;Czech Republic
Czechia Div 2 Women;Czech Republic
Czechia First League;Czech Republic
Czechia First League Play-Offs;Czech Republic
Czechia Tipsport Liga;Czech Republic
Czechia Youth League;Czech Republic
Denmark U19 League;Denmark
Denmark Division 1;Denmark
Denmark Superligaen;Denmark
Denmark Division 3;Denmark
Denmark Division 2;Denmark
Denmark Womens Cup;Denmark
Denmark Future Cup;Denmark
Denmark Play-Offs Women;Denmark
Denmark Series Group 2;Denmark
Denmark Series Group 4;Denmark
Denmark Series Group 3;Denmark
Denmark Series Group 1;Denmark
Denmark Cup;Denmark
Denmark Danmarksserien Promotion;Denmark
Denmark Danmarksserien Relegation;Denmark
Denmark Womens 2 Division;Denmark
Denmark U21 League;Denmark
Danish Womens Elitedivisionen;Denmark
Danish Womens 1.Division;Denmark
Denmark Division 2 Women;Denmark
Denmark Elitedivisionen Women;Denmark
Denmark Jyllandsserien P4;Denmark
Djibouti Premier League;Djibouti
Dominica Premier League;Dominica
Dominica President Cup;Dominica
Dominican Republic Cup;Dominica
Dominican Republic Liga;Dominican Republic
Ecuador LigaPro Serie A;Ecuador
Ecuador LigaPro Serie B;Ecuador
Ecuador Primera Women;Ecuador
Ecuador Cup;Ecuador
Ecuador Super Cup;Ecuador
Egypt Second Division B;Egypt
Egypt Premier League Women;Egypt
Egypt Division 1;Egypt
Egypt Division 2;Egypt
Egypt Cup;Egypt
Egypt League Cup;Egypt
Egypt Super Cup;Egypt
El Salvador Clausura;El Salvador
El Salvador Reserves League;El Salvador
El Salvador Segunda Division;El Salvador
El Salvador Liga Feminina;El Salvador
El Salvador Apertura;El Salvador
El Salvador Cup;El Salvador
El Salvador Super Cup;El Salvador
England Development League 2;England
England FA Cup;England
England Isthmian Premier Division;England
England Northern League Division One;England
England Southern League Division One;England
England U21 Premier League Cup;England
England Premier League 2;England
England Championship;England
England Super League Women;England
England League 2;England
England National League;England
England Premier League;England
England National League North;England
England National League South;England
England Northern Premier League;England
England Southern Premier League Central;England
England Southern Premier League South;England
England Isthmian Division One North;England
England Championship Women;England
England National League Division 1 Women;England
England National League Premier Women;England
England Reserve Matches;England
England Ryman Premier Division;England
England Southern League Div One;England
England Ryman Div One North;England
England Isthmian Division One South;England
England League Cup Women;England
England FA Cup Women;England
England FA Trophy;England
England EFL Trophy;England
England FA Vase;England
England FA Cup Qualification;England
Isthmian Cup;England
Premier League International Cup;England
Community Shield;England
Emirates Cup;England
England EFL Cup;England
England FA National League Cup Women;England
England FA WSL 2;England
England National League Cup;England
England Northern League Div One;England
England Southern League Cup;England
England U23 Premier League Cup;England
Escócia - Highland League;Escócia
España - Tercera - Grupo 2;España
Estonia Meistriliiga;Estonia
Estonia Esiliiga B;Estonia
Estonia Esiliiga;Estonia
Estonia Cup Women;Estonia
Estonia Cup;Estonia
Estonia Women’s Meistriliiga;Estonia
Estonia U19 League;Estonia
Estonia - Super Cup;Estonia
Estonia Esiliiga B Play-Offs;Estonia
Estonia Esiliiga Play-Offs;Estonia
Estonia Meistriliiga Play-Offs;Estonia
Estonia Play-offs;Estonia
Estonia Super Cup Women;Estonia
Ethiopia Premier League;Ethiopia
Ethiopia Higher League Women;Ethiopia
Ethiopia Higher League;Ethiopia
Ethiopia Premier League Women;Ethiopia
Ethiopia Cup;Ethiopia
Etiópia - Premier League - Feminino;Ethiopia
Faroe Islands Premier League;Faroe Islands
Faroe Islands Div 1;Faroe Islands
Faroe Islands League Women;Faroe Islands
Faroe Islands Cup;Faroe Islands
Faroe Island Super Cup Women;Faroe Islands
Faroe Islands Super Cup;Faroe Islands
Fiji National League;Fiji
Fiji Cup;Fiji
Fiji Super Cup;Fiji
Finland U20 League;Finland
Finland Liigacup;Finland
Finland Ykkoscup;Finland
Finland Cup;Finland
Finland Cup Women;Finland
Finland Kakkonen Group B;Finland
Finland Veikkausliiga;Finland
Finland Cup Women - 80 mins play;Finland
Finland Kakkonen Group C;Finland
Finland Kakkonen Group A;Finland
Finland Kolmonen;Finland
Finland Ykkonen;Finland
Finland Kansallinen Liiga Women;Finland
Finland Ykkosliiga;Finland
Finland Ykkonen Women;Finland
Finland Kakkonen Women;Finland
Finland Kolmonen Women;Finland
Finland Kakkonnen Play-Offs;Finland
Finland Kansallinen Liiga Women Play-Offs;Finland
Finland Veikkausliiga Play-Offs;Finland
Finlândia - Taça da Liga;Finland
France Cup;France
France National;France
France National 2;France
France Ligue 1;France
France Division 1 Women;France
France Ligue 2;France
France National 3;France
France U19 League Women;France
France Division 2 Women;France
France U19 League;France
France Cup Women;France
France Regional League;France
France U19 Cup;France
France Ligue 2 Play-Offs;France
France Ligue 1 Play-Offs;France
France League Cup Women;France
France Super Cup;France
Gambia Division 2;Gambia
Gambia GFA League;Gambia
Gambia FF Cup;Gambia
Gambia Division 1 Women;Gambia
Gambia Super Cup;Gambia
Gana - Premier League;Ghana
Georgia Erovnuli Liga;Georgia
Georgia First League;Georgia
Georgia Super Cup;Georgia
Georgia Cup;Georgia
Georgia Erovnuli Liga Play-Offs;Georgia
Georgia Liga 3;Georgia
Georgia Play-Offs;Georgia
German Bundesliga Women;Germany
Germany Regionalliga North;Germany
Germany Landespokal;Germany
Germany Regionalliga North East;Germany
Germany Landesliga;Germany
Germany Oberliga Westfalen;Germany
Germany Verbandsliga;Germany
Germany Bundesliga II;Germany
Germany Regionalliga Bayern;Germany
Germany Berlin-Liga;Germany
Germany Oberliga Niederrhein;Germany
Germany Oberliga NOFV Nord;Germany
Germany Oberliga Hamburg;Germany
Germany Bundesliga U19;Germany
Germany Regionalliga South West;Germany
Germany Regionalliga West;Germany
Germany Oberliga Bayern South;Germany
Germany Oberliga NOFV Sud;Germany
Germany Oberliga Rheinland-Pfalz/Saar;Germany
Germany Oberliga Baden-Wuerttemberg;Germany
Germany Oberliga Niedersachsen;Germany
Germany Oberliga Schleswig-Holstein;Germany
Germany Bundesliga II Women;Germany
Germany Oberliga Hessen;Germany
Germany Oberliga Mittelrhein;Germany
Germany DFB Pokal Women;Germany
Germany Oberliga Bayern North;Germany
Germany Bundesliga Women;Germany
Germany Oberliga Bremen;Germany
Germany DFB Pokal;Germany
Germany U19 Cup;Germany
Germany Oberliga Bade-Wurttemberg;Germany
Germany Landesliga Bayern Sudost;Germany
Germany Bundesliga Play-offs;Germany
Germany Bundesliga II Play-Offs;Germany
Germany Oberliga Play offs;Germany
Germany Regionalliga Play-Offs;Germany
Germany Play-Offs Women;Germany
Germany Super Cup;Germany
Germany Regional Cup Women;Germany
Germany Super Cup Women;Germany
Ghana Premier League;Ghana
Ghana Division 2;Ghana
Ghana Division 1;Ghana
Ghana FA Cup;Ghana
Ghana Super Cup;Ghana
Ghana Elite Cup;Ghana
Ghana Premier League Women;Ghana
Ghana Super Cup Women;Ghana
Ghana Super League Women;Ghana
Ghana Women FA Cup;Ghana
Gibraltar Cup;Gibraltar
Gibraltar National League;Gibraltar
Greece Amateur Cup;Greece
Greece Super League 1;Greece
Greece Super League U19;Greece
Greece Super League 2 U19;Greece
Greece Super League Women;Greece
Greece Gamma Ethniki;Greece
Greece Cup;Greece
Greece Cup Women;Greece
Greece Play-Offs;Greece
Greece - Super Cup;Greece
Greece Football League U19;Greece
Greece Super League 2 Super Cup;Greece
Greece U19 Cup;Greece
Grenada Premier Division;Grenada
Guatemala Liga Nacional;Guatemala
Guatemala Segunda Division;Guatemala
Guatemala Liga Nacional Women;Guatemala
Guatemala Reserve League;Guatemala
Guatemala - Primera División;Guatemala
Guatemala Play-Offs;Guatemala
Honduras Reserve League;Honduras
Honduras Liga Nacional;Honduras
Honduras Liga de Ascenso;Honduras
Honduras - Reserve League;Honduras
Hong Kong Sapling Cup;Hong Kong
Hong Kong Premier League;Hong Kong
Hong Kong 1st Division;Hong Kong
Hong Kong 2nd Division;Hong Kong
Hong Kong 3rd Division;Hong Kong
Hong Kong Women Premier League;Hong Kong
Hong Kong FA Cup Junior Division;Hong Kong
Hong Kong Cup;Hong Kong
Hong Kong League Cup;Hong Kong
Hong Kong Senior Shield;Hong Kong
Hong Kong U22 Cup;Hong Kong
Hong Kong U22 League;Hong Kong
Hungary Cup;Hungary
Hungary U19 1st Division;Hungary
Hungary U19 2nd Division;Hungary
Hungary NBI Women;Hungary
Hungary NB I;Hungary
Hungary NB III;Hungary
Hungary NB II;Hungary
Hungary Cup Women;Hungary
Hungary Amateur Cup;Hungary
Hungary NBII Women;Hungary
Hungary Regional League;Hungary
Hungary U19 Matches;Hungary
Iceland Cup Women;Iceland
Iceland League Cup;Iceland
Iceland League Cup B;Iceland
Iceland League Cup C;Iceland
Iceland U19 League;Iceland
Iceland Super Cup;Iceland
Iceland Cup;Iceland
Iceland Premier League;Iceland
Iceland Super Cup Women;Iceland
Iceland Premier League Women;Iceland
Iceland 1 Deild;Iceland
Iceland 3 Deild;Iceland
Iceland 2 Deild;Iceland
Iceland 1 Deild Women;Iceland
Iceland 4 Deild;Iceland
Iceland 5 Deild;Iceland
Iceland U19 Cup;Iceland
Iceland Lower League Cup;Iceland
Iceland Women 2 Deild;Iceland
Iceland Pre-Season Cup;Iceland
Iceland Women U20 League;Iceland
India Santosh Trophy;India
India Mumbai Elite League;India
India I-League;India
India Super League;India
India Sikkim S-League;India
India Mumbai Super Division;India
India Pune Super Division;India
India League Women;India
India U21 Development League;India
India R League A Division;India
India I-League 2nd Division;India
India Shillong Premier League;India
India Delhi Senior Division;India
India MFA Super Cup;India
India Championship Women;India
India Bandodkar Trophy;India
India Calcutta Football League;India
India Mizoram Premier League;India
India Durand Cup;India
India Regional Cup;India
India Bangalore A Division - 80 mins play;India
India Bangalore Super Division;India
India Bengal Super League;India
India Calcutta First Division;India
India Delhi A Division;India
India Delhi League Women;India
India Delhi Premier League;India
India Gujarat SFA Club Championship;India
India Gujarat Super League;India
India Guwahati Premier League;India
India Harwood League;India
India I-League 3;India
India IFA Shield;India
India Karnataka League Women;India
India Kerala League Women;India
India Kerala Premier League;India
India Kerala Super League;India
India Manipur State League;India
India Meghalaya State League;India
India National Games;India
India National Games Women;India
India Shillong 1st Division;India
India Shillong 2nd Division;India
India Shillong Champions Cup;India
India Super Cup;India
Índia - Super League;India
Indonesia U20 League;Indonesia
Indonesia Liga 1;Indonesia
Indonesia Liga 3;Indonesia
Indonesia Liga 2;Indonesia
Indonesia Cup;Indonesia
Indonesia Championship;Indonesia
Indonesia Liga 4;Indonesia
Indonesia Liga Nusantara;Indonesia
Indonesia Super League;Indonesia
Indonésia - Championship;Indonesia
World Club Friendlies;International (World)
Elite Club Friendlies;International (World)
Africa - World Cup Qualifying;International (Africa)
African Games;International (Africa)
African Games Women;International (Africa)
Africa Cup of Nations Qualification;International (Africa)
CAF Champions League;International (Africa)
CAF Confederations Cup;International (Africa)
COSAFA Cup;International (Africa)
CECAFA Club Cup;International (Africa)
Africa Cup of Nations;International (Africa)
Africa Cup of Nations Qualifiers Women;International (Africa)
Africa Cup of Nations Women;International (Africa)
African Nations C'ship Qualifying;International (Africa)
African Nations Championship;International (Africa)
CAF African Youth Championship;International (Africa)
CAF Champions League Women;International (Africa)
CAF Super Cup;International (Africa)
CAF U20 World Cup Qualifying Women;International (Africa)
CECAFA Champions League Women;International (Africa)
CECAFA Cup;International (Africa)
CECAFA Cup Women;International (Africa)
COSAFA Champions League Women;International (Africa)
COSAFA Cup Women;International (Africa)
COSAFA U20 Championship Women;International (Africa)
Cosafa U20 Cup;International (Africa)
WAFU Cup of Nations Women;International (Africa)
America Friendlies;International (World)
Asia - World Cup Qualifying;International (Asia)
AFC U20 Asian Cup Women;International (Asia)
AFC Champions League;International (Asia)
AFC Cup;International (Asia)
AFC U23 Championship;International (Asia)
AFC U23 Asian Cup;International (Asia)
AFC Womens Club Championship;International (Asia)
AFF U19 Championship;International (Asia)
AFC Champions League Qualification;International (Asia)
Women West Asian Championship;International (Asia)
West Asian Championship;International (Asia)
2008 Olympics Asia Qual;International (Asia)
AFC Asian Cup;International (Asia)
AFC Asian Cup Qualifiers;International (Asia)
AFC Asian Cup U23;International (Asia)
AFC Asian Cup U23 Qualifying;International (Asia)
AFC Challenge League;International (Asia)
AFC Champions League Elite;International (Asia)
AFC Champions League Two;International (Asia)
AFC Champions League Women;International (Asia)
AFC U20 Asian Cup;International (Asia)
AFC U20 Asian Cup Qualification;International (Asia)
AFC Womens Asian Cup Qualifying;International (Asia)
AFF Championship Women;International (Asia)
AFF Cup;International (Asia)
AFF Cup Qualifying;International (Asia)
AFF U19 Championship Women;International (Asia)
AFF U23 Championship;International (Asia)
ASEAN Championship;International (Asia)
ASEAN Championship Women;International (Asia)
ASEAN Club Championship;International (Asia)
CAFA Nations Cup;International (Asia)
CAFA U20 Championship;International (Asia)
East Asian Championship;International (Asia)
East Asian Championship Women;International (Asia)
FIFA Arab Cup;International (Asia)
FIFA Arab Cup Qualifying;International (Asia)
South Asian Club Championship Women;International (Asia)
South Asian Games Women;International (Asia)
South East Asian Games;International (Asia)
South East Asian Games Women;International (Asia)
West Asian U23 Championship;International (Asia)
Womens South Asian Championship;International (Asia)
Caribbean Club Shield;International (Caribbean)
CONCACAF Caribbean Cup;International (Caribbean)
UEFA Youth League;International (Europe)
Europe Friendlies;International (Europe)
UEFA Womens Nations League;International (Europe)
UEFA Champions League;International (Europe)
UEFA Europa League;International (Europe)
UEFA Conference League;International (Europe)
UEFA Champions League Women;International (Europe)
European U19 Championship Qual;International (Europe)
European U21 Championship Qual;International (Europe)
Euro 2024 Qualifying;International (Europe)
UEFA Nations League;International (Europe)
U19 Euro Championship Qual Women;International (Europe)
Womens Euro Championships Qual;International (Europe)
Euro 2024;International (Europe)
UEFA Champions League Qualifying;International (Europe)
UEFA Conference League Qualifying;International (Europe)
UEFA Europa League Qualifying;International (Europe)
U19 Euro Championships Women;International (Europe)
European U19 Championship;International (Europe)
UEFA Super Cup;International (Europe)
Euro 2025 Women;International (Europe)
Euro Championships Women;International (Europe)
Europe - World Cup Qualifying;International (Europe)
European U21 Championship;International (Europe)
UEFA Champions League Qualifying Women;International (Europe)
UEFA Nations League A;International (Europe)
UEFA Nations League B;International (Europe)
UEFA Nations League C;International (Europe)
UEFA Nations League D;International (Europe)
UEFA Regions Cup;International (Europe)
UEFA Women's Champions League;International (Europe)
UEFA Women's Champions League Qualifying;International (Europe)
UEFA Women's Europa Cup;International (Europe)
UEFA Women's Europa Cup Qualifying;International (Europe)
UEFA Women's Nations League;International (Europe)
UEFA Youth League Domestic Path;International (Europe)
Women's Euro Championships Qual;International (Europe)
CONCACAF U20 Championship;International (North & Central America)
CONCACAF Central American Cup;International (North & Central America)
NWSL x Liga MXF Summer Cup Women;International (North & Central America)
Leagues Cup;International (North & Central America)
NWSL x Liga MX Femenil Summer Cup;International (North & Central America)
CONCACAF Nations League;International (North & Central America)
North & Central America - World Cup Qualifying;International (North & Central America)
CONCACAF Gold Cup Women;International (North & Central America)
CONCACAF Champions Cup;International (North & Central America)
CONCACAF Championship Qualifiers Women;International (North & Central America)
CONCACAF Gold Cup;International (North & Central America)
CONCACAF Gold Cup Qualifying;International (North & Central America)
CONCACAF U20 Championship Women;International (North & Central America)
CONCACAF Women Champions Cup;International (North & Central America)
Campeones Cup;International (North & Central America)
Central America Cup;International (North & Central America)
Central American Games;International (North & Central America)
Central American Games Women;International (North & Central America)
Gulf Club Champions League;International (North & Central America)
Gulf Club Championships;International (North & Central America)
Gulf Cup;International (North & Central America)
Gulf Cup U20;International (North & Central America)
Gulf Cup U23;International (North & Central America)
Women Central American Games;International (North & Central America)
OFC Champions League;International (Oceania)
OFC Nations Cup Women;International (Oceania)
OFC Pro League;International (Oceania)
Oceania - World Cup Qualifying;International (Oceania)
Copa Libertadores Qualification;International (South America)
Recopa Sudamericana;International (South America)
Copa Libertadores U20;International (South America)
Copa Sudamericana;International (South America)
Copa Libertadores;International (South America)
South American U20 Championship Women;International (South America)
Copa America;International (South America)
CONMEBOL Nations League Women;International (South America)
Copa Libertadores Women;International (South America)
South America - World Cup Qualifying;International (South America)
U20 South American Championships;International (South America)
Womens Copa America;International (South America)
Womenâ€™s Friendly;International (World)
U20 International;International (World)
U23 International;International (World)
International Match;International (World)
U21 International;International (World)
Youth International;International (World)
U23 International Women;International (World)
Womens U19 International;International (World)
Youth International Women;International (World)
Womens Youth International;International (World)
U19 Tournament - 80 mins play;International (World)
Friendlies;International (World)
Friendly Match - 80 mins play;International (World)
Olympics 2024 Soccer - Men;International (World)
Olympics 2024 Soccer - Women;International (World)
Womens Olympic Qual;International (World)
U20 International Women;International (World)
Womenâ€™s International;International (World)
U19 International;International (World)
Elite League U20;International (World)
FIFA Club World Cup;International (World)
FIFA Intercontinental Cup;International (World)
FIFA U20 World Cup;International (World)
FIFA U20 World Cup Women;International (World)
FIFA Womens Champions Cup;International (World)
FIFA World Intercontinental Cup;International (World)
Fifa U20 World Cup Qualifying Women;International (World)
Friendly Match - 60 Mins Play;International (World)
International Friendly;International (World)
U19 International Women;International (World)
U20 Intercontinental Cup;International (World)
U20 International Women - 80 mins play;International (World)
U22 International;International (World)
Iran Pro League;Iran
Iran Div 2;Iran
Iran Cup;Iran
Iran Div 1;Iran
Iraq League;Iraq
Iraq Cup;Iraq
Iraq First Division;Iraq
Iraq Play Offs;Iraq
Iraq Premier Division;Iraq
Iraq Stars League;Iraq
Iraq U21 League;Iraq
Iraque - Divisão Premier;Iraq
Iraque - Liga das Estrelas;Iraq
Republic of Ireland Leinster Senior League;Ireland
Republic of Ireland Premier Division;Ireland
Republic of Ireland First Division;Ireland
Republic of Ireland Munster Senior League;Ireland
Republic of Ireland Munster Senior Cup;Ireland
Republic of Ireland National League Women;Ireland
Ireland U20 League;Ireland
Republic of Ireland Leinster Senior Cup;Ireland
Republic of Ireland FAI Intermediate Cup;Ireland
Republic of Ireland FAI Cup;Ireland
Republic of Ireland Ulster Senior League Cup;Ireland
Republic of Ireland FAI Cup Women;Ireland
Ireland U20 Cup;Ireland
Israel Youth League;Israel
Israel Cup;Israel
Israel Liga Alef South;Israel
Israel Liga Bet South;Israel
Israel Liga Bet North;Israel
Israel Liga Alef North;Israel
Israel Leumit Liga;Israel
Israel Premier League;Israel
Israel Youth Cup;Israel
Israel Division 1 Women;Israel
Israel Women Cup;Israel
Israel Liga Bet Play-Offs;Israel
Israel Liga Alef Play-Offs;Israel
Israel Leumit Liga Play-offs;Israel
Israel Super Cup;Israel
Israel League Cup;Israel
Italy Serie D;Italy
Italy Serie D Cup;Italy
Italy Serie A;Italy
Italy Serie C Cup;Italy
Italy Serie B;Italy
Italy Campionato Primavera 1;Italy
Italy Serie C Group A;Italy
Italy Serie C Group B;Italy
Italy Campionato Primavera 2;Italy
Italy Campionato Primavera 3;Italy
Italy Campionato Primavera 4;Italy
Italy Campionato Nazionale;Italy
Italy Serie C Group C;Italy
Italy Serie B Women;Italy
Italy Serie A Women;Italy
Italy Primavera Cup;Italy
Italy Serie C Super Cup;Italy
Italy Serie C Play-Offs;Italy
Italy U19 League Women;Italy
Italy Serie D Play-Offs;Italy
Italy Super Cup;Italy
Coppa Italia Women;Italy
Coppa Italia;Italy
Italy Eccellenza;Italy
Italy Primavera Supercup;Italy
Italy Serie A Cup Women;Italy
Italy Serie B Play-offs;Italy
Italy Super Cup Women;Italy
Italy Youth Tournament - 80 mins play;Italy
Ivory Coast Premier Division;Ivory Coast
Ivory Coast First Division Women;Ivory Coast
Ivory Coast Cup;Ivory Coast
Ivory Coast Ligue 2;Ivory Coast
Jamaica Premier League;Jamaica
Jamaica Super League;Jamaica
Jamaica Play-offs;Jamaica
Japan J-League;Japan
Japan J2-League;Japan
Japan J3-League;Japan
Japan Women Empowerment League;Japan
Japan J-League Cup;Japan
Japan Football League;Japan
Japan L1 League Women;Japan
Japan L2 League Women;Japan
Japan Regional League;Japan
Japan Regional Cup;Japan
Japan FA Cup;Japan
Japan Super Cup;Japan
Japan Cup Women;Japan
Japan Football League Play-Offs;Japan
Japan J-League Play-Offs;Japan
Japan J2/J3 Centennial League;Japan
Japan League Cup Women;Japan
Japan Regional Cup - 80 mins play;Japan
Japan University Championship;Japan
Japan University Championship Women;Japan
Jordan League;Jordan
Jordan Cup;Jordan
Jordan League Women;Jordan
Jordan Cup Women;Jordan
Jordan Division 1;Jordan
Jordan First Division Women;Jordan
Jordan Reserve League;Jordan
Jordan Shield Cup;Jordan
Jordan Super Cup;Jordan
Jordan U19 Cup;Jordan
Jordan U19 League;Jordan
Kazakhstan Premier League;Kazakhstan
Kazakhstan Cup;Kazakhstan
Kazakhstan Super League Women;Kazakhstan
Kazakhstan League Cup;Kazakhstan
Kazakhstan Division 2;Kazakhstan
Kazakhstan Super Cup;Kazakhstan
Kenia - Super Liga;Kenya
Kenya League Women;Kenya
Kenya Super League;Kenya
Kenya Premier League;Kenya
Kenya Cup;Kenya
Kenya Cup Women;Kenya
Kenya Play-Offs;Kenya
Kenya Super Cup;Kenya
Kosovo Division 1;Kosovo
Kosovo Superliga;Kosovo
Kosovo Cup;Kosovo
Kosovo Play-Offs;Kosovo
Kosovo Division 2;Kosovo
Kosovo U19 League;Kosovo
Kosovo U21 League;Kosovo
Kuwait League;Kuwait
Kuwait Division 1;Kuwait
Kuwait Cup;Kuwait
Kuwait Crown Prince Cup;Kuwait
Kuwait Super Cup;Kuwait
Kyrgyzstan Top Liga;Kyrgyzstan
Kyrgyzstan Cup;Kyrgyzstan
Kyrgyzstan National League;Kyrgyzstan
Kyrgyzstan Super Cup;Kyrgyzstan
Latvia Virsliga;Latvia
Latvia 1. Liga;Latvia
Latvia 3. Liga;Latvia
Latvia Cup;Latvia
Latvia 2 Liga;Latvia
Latvia Play-offs;Latvia
Latvia Super Cup;Latvia
Latvia Virsliga Play-Offs;Latvia
Lebanon League;Lebanon
Lebanon Cup;Lebanon
Lebanon League Women;Lebanon
Lebanon Division 2;Lebanon
Lebanon Super Cup;Lebanon
Lebanon U20 League;Lebanon
Liberia First Division;Liberia
Liberia Second Division;Liberia
Liberia FA Cup;Liberia
Liberia National League Women;Liberia
Liberia Super Cup;Liberia
Libéria - Liga Nacional - Feminino;Liberia
Lithuania A Lyga;Lithuania
Lithuania 1 Lyga;Lithuania
Lithuania II Lyga;Lithuania
Lithuania A Lyga Women;Lithuania
Lithuania U19 League;Lithuania
Lithuania Cup;Lithuania
Lithuania A Lyga Play-Offs;Lithuania
Lithuania First League Women;Lithuania
Lithuania Super Cup;Lithuania
Luxembourg Promotion D’Honneur;Luxembourg
Luxembourg Division Nationale;Luxembourg
Luxembourg Cup;Luxembourg
Luxembourg Division Nationale Play-Offs;Luxembourg
Luxembourg Promotion D''Honneur Play-Offs;Luxembourg
Luxembourg Ligue 1 Women;Luxembourg
Macau 1st Division;Macau
Macau FA Cup;Macau
Malawi Super League;Malawi
Malawi Challenge Cup;Malawi
Malawi League Cup;Malawi
Malawi League Women;Malawi
Malawi Top 8 Cup;Malawi
Malaysia President Cup;Malaysia
Malaysia Super League;Malaysia
Malaysia MFL Cup;Malaysia
Malaysia Liga M3;Malaysia
Malaysia Cup;Malaysia
Malaysia Liga A1 Semi Pro;Malaysia
Malaysia Challenge Cup;Malaysia
Malaysia Charity Shield;Malaysia
Malaysia Liga A2 Amateur;Malaysia
Malaysia National League Women;Malaysia
Maldives Gold Cup;Maldives
Mali League Women;Mali
Mali Cup;Mali
Mali Premiere Division;Mali
Mali Super Cup;Mali
Malta Premier League;Malta
Malta Challenge League;Malta
Malta FA Trophy;Malta
Malta Challenge League Cup;Malta
Malta Jubilee Cup;Malta
Malta League Women;Malta
Malta Super Cup;Malta
Masters Football - 16 mins play;Masters
Maurice Revello Youth Tournament;Maurice
Mauritania Division 2;Mauritania
Mauritania Division 1;Mauritania
Mauritania Cup;Mauritania
Moldova Cup;Moldova
Moldova Divizia Nationala;Moldova
Moldova Cup Women;Moldova
Moldova Championship Women;Moldova
Mongolia Premier League;Mongolia
Mongolia Cup;Mongolia
Mongolia First League;Mongolia
Mongolia Super Cup;Mongolia
Montenegro Prva Liga;Montenegro
Montenegro Druga Liga;Montenegro
Montenegro U19 League;Montenegro
Montenegro League Women;Montenegro
Montenegro Youth League;Montenegro
Montenegro Cup;Montenegro
Montenegro Play-Offs;Montenegro
Morocco GNF 1;Morocco
Morocco League Women;Morocco
Morocco GNF 2;Morocco
Morocco Cup;Morocco
Morocco Cup Women;Morocco
Morocco Coupe d’Excellence;Morocco
Morocco GNF 2 Play-Offs;Morocco
Morocco Play-Offs;Morocco
Mozambique Mocambola;Mozambique
Mozambique Cup;Mozambique
Mozambique Division 2;Mozambique
Myanmar Cup;Myanmar
Myanmar League Women;Myanmar
Myanmar U20 League;Myanmar
Myanmar National League;Myanmar
Myanmar League 2;Myanmar
Myanmar U19 League;Myanmar
Myanmar U21 League;Myanmar
Namibia Premier League;Namibia
Namibia Super League Women;Namibia
Namibia Top 8 Cup;Namibia
Nepal B Division;Nepal
Nepal Division 1;Nepal
Nepal Gold Cup;Nepal
Nepal National League;Nepal
Nepal National League Women;Nepal
Nepal Super League;Nepal
Netherlands Cup;Netherlands
Netherlands Eredivisie;Netherlands
Netherlands Eerste Divisie;Netherlands
Netherlands U21 League;Netherlands
Netherlands Eredivisie Women;Netherlands
Netherlands Tweede Divisie;Netherlands
Netherlands Derde Divisie;Netherlands
Netherlands Cup Women;Netherlands
Netherlands Youth Cup;Netherlands
Netherlands Eredivisie Play-Offs;Netherlands
Netherlands Tweede Divisie Play-Offs;Netherlands
Netherlands Super Cup;Netherlands
Netherlands Hoofdklasse;Netherlands
Netherlands Super Cup Women;Netherlands
Netherlands Vierde Divisie;Netherlands
Netherlands Youth Eredivisie;Netherlands
Netherlands Youth Jupiler League;Netherlands
New Zealand Northern League;New Zealand
New Zealand Southern League;New Zealand
New Zealand Central League;New Zealand
New Zealand Cup Women;New Zealand
New Zealand Cup;New Zealand
New Zealand Capital Premier League Women;New Zealand
New Zealand Football Championship;New Zealand
New Zealand Mainland Championship Women;New Zealand
New Zealand NRFL Premier Division Women;New Zealand
New Zealand National League Women;New Zealand
New Zealand Premier League Women;New Zealand
New Zealand South Premier League;New Zealand
Nicaragua Cup;Nicaragua
Nicaragua Apertura;Nicaragua
Nicaragua Liga de Ascenso;Nicaragua
Nicaragua Clausura;Nicaragua
Nicaragua Primera Division Women;Nicaragua
Nicaragua Play-Offs;Nicaragua
Nicaragua Liga Primera Play-Offs;Nicaragua
Nicaragua Youth League;Nicaragua
Niger Super League;Niger
Niger Cup;Niger
Nigeria Premier League;Nigeria
Nigeria National League;Nigeria
Nigeria League Women;Nigeria
Nigeria Cup;Nigeria
Nigeria Cup Women;Nigeria
Northern Ireland County Antrim Shield;North Ireland
Northern Ireland Cup Women;North Ireland
Northern Ireland Intermediate Cup;North Ireland
Northern Ireland Mid Ulster Cup;North Ireland
North Macedonia Second League;North Macedonia
North Macedonia First League;North Macedonia
North Macedonia League Women;North Macedonia
North Macedonia Cup;North Macedonia
North Macedonia Cup Women;North Macedonia
North Macedonia Play-Offs;North Macedonia
North Macedonia U19 Cup;North Macedonia
North Macedonia U19 League;North Macedonia
Northern Ireland Cup;North Ireland
Northern Ireland Championship;North Ireland
Northern Ireland Premier Intermediate League;North Ireland
Northern Ireland Reserve League;North Ireland
Northern Ireland Premier;North Ireland
Northern Ireland League Cup;North Ireland
Northern Ireland Play-Offs;North Ireland
Northern Ireland Premier League Women;North Ireland
Northern Ireland Championship Women;North Ireland
Northern Ireland League Cup Women;North Ireland
Northern Ireland County Antrim Shield Women;North Ireland
Norway U19 Elite League;Norway
Norway Division 1 Women;Norway
Norway Toppserien Women;Norway
Norway Eliteserien;Norway
Norway Division 1;Norway
Norway Division 3 Group 2;Norway
Norway Interkretsserie U19;Norway
Norway Division 3 Group 4;Norway
Norway Division 2 Group 1;Norway
Norway Division 2 Group 2;Norway
Norway Division 3 Group 6;Norway
Norway Division 3 Group 1;Norway
Norway Division 3 Group 5;Norway
Norway Division 3 Group 3;Norway
Norway Cup;Norway
Norway Youth Cup;Norway
Norway Cup Women;Norway
Norway Division 1 Play-Offs;Norway
Norway Division 2 Group 3;Norway
Norway Division 4;Norway
Norway Eliteserien Play-Offs;Norway
Norway Super Cup;Norway
Norway Toppserien Women Play-Offs;Norway
Americas Kings League - 40 mins play;Not Football
Beach Soccer - 36 mins play;Not Football
Kings League World Cup - 40 mins play;Not Football
Esoccer ePL - 12 mins play;Not Football
Esoccer Match - 12 mins play;Not Football
Americas Queens League - 40 mins play;Not Football
Beach Soccer Euro League - 36 mins play;Not Football
Beach Soccer Women Euro League - 36 mins play;Not Football
Beach Soccer World Cup - 36 mins play;Not Football
Escócia - Lowland League;Not Football
Esoccer Battle - 8 мин.;Not Football
Esoccer GT Leagues - 12 мин. матч;Not Football
Esoccer H2H GG League - 8 мин. игра;Not Football
Kings Cup;Not Football
Kings World Cup - 36 mins play inc. Match Ball;Not Football
Socca World Cup - 40 mins play;Not Football
World Sevens Women - 30 mins play;Not Football
Oman Sultans Cup;Oman
Oman League;Oman
Oman Federation Cup;Oman
Oman 1st Division;Oman
Oman Professional League Cup;Oman
Oman Super Cup;Oman
Oman U21 Championship;Oman
Panama First Division Women;Panama
Panama Liga Prom;Panama
Panama LPF;Panama
Panama Liga de Futbol Nacional;Panama
Panama Reserve League;Panama
Paraguai - División Profesional;Paraguai
Paraguay Division Profesional;Paraguay
Paraguay Women League;Paraguay
Paraguay Division Intermedia;Paraguay
Paraguay U19 League;Paraguay
Paraguay Tercera Division;Paraguay
Paraguay Cup;Paraguay
Paraguay Reserve League;Paraguay
Paraguay Primera C;Paraguay
Paraguay - Liga B;Paraguay
Paraguay - Primera División;Paraguay
Paraguay Copa EFE Women;Paraguay
Paraguay Super Cup;Paraguay
Peru Liga 1;Peru
Peru Liga 2;Peru
Peru Reserve League;Peru
Copa Peru;Peru
Peru Liga 3;Peru
Philippines UAAP;Philippines
Philippines PFL;Philippines
Poland II Liga;Poland
Poland Cup;Poland
Poland I Liga;Poland
Poland Ekstraklasa;Poland
Poland III Liga;Poland
Poland IV Liga;Poland
Poland Ekstraliga Women;Poland
Poland Youth League;Poland
Poland League Women;Poland
Poland Regional League;Poland
Poland Regional Cup;Poland
Poland Cup Women;Poland
Poland University League;Poland
Poland University League - 60 mins play;Poland
Poland League II Play-Offs;Poland
Poland Super Cup;Poland
Portugal Segunda Liga;Portugal
Portugal Cup;Portugal
Portugal Primeira Liga;Portugal
Portugal U19 League;Portugal
Portugal Liga 3;Portugal
Portugal U23 League;Portugal
Portugal Cup Women;Portugal
Portugal U23 Cup;Portugal
Portugal Primeira Liga Play-Off;Portugal
Portugal Segunda Liga Play-Offs;Portugal
Portugal Super Cup;Portugal
Portugal - Campeonato Nacional - Feminino;Portugal
Portugal - Liga de Sub19;Portugal
Portugal Campeonato Nacional III Women;Portugal
Portugal League Cup;Portugal
Portugal League Cup Women;Portugal
Portugal Play-Offs Women;Portugal
Portugal U19 2nd Division;Portugal
Portugal U19 League Women;Portugal
Portugal Women Super Cup;Portugal
Puerto Rico League;Puerto Rico
Qatar League 2;Qatar
Qatar Stars League;Qatar
Qatar Cup;Qatar
Qatar U21 League;Qatar
Qatar Stars League Play-Offs;Qatar
Qatar Emir Cup;Qatar
Qatar Reserve League;Qatar
Qatar Second Division Cup;Qatar
Qatar Stars Cup;Qatar
Qatar U19 League;Qatar
Qatar-UAE Super Cup;Qatar
Quênia - Superliga;Quenia
Republic of Ireland League Cup Women;Republic of Ireland
Republic of Ireland Play-Offs;Republic of Ireland
Republic of Ireland Premier Division Play-Offs;Republic of Ireland
Republic of Ireland Presidents Cup Women;Republic of Ireland
Republic of Ireland Super Cup;Republic of Ireland
Republic of Ireland U20 League;Republic of Ireland
Romania Liga I;Romania
Romania Liga 2;Romania
Romania Liga 4;Romania
Romania Liga 2 Women;Romania
Romania Liga 1 Women;Romania
Romania Liga 3 Women;Romania
Romania Liga III;Romania
Romania U19 League Division 2;Romania
Romania U19 League;Romania
Romania Cup Women;Romania
Romania Cup;Romania
Romania U19 Cup;Romania
Romania Liga I Play-Offs;Romania
Romania Supercup;Romania
Russia Division 1;Russia
Russia Division 3;Russia
Rwanda National League;Rwanda
Rwanda Womens League;Rwanda
Rwanda Cup;Rwanda
Rwanda Cup Women;Rwanda
Rwanda Super Cup;Rwanda
Ruanda - Liga Nacional;Rwanda
Rwanda Super Cup Women;Rwanda
Saint Kitts & Nevis Premier League;Saint Kitts & Nevis
San Marino Campionato;San Marino
San Marino Cup;San Marino
San Marino Super Cup;San Marino
Saudi Arabia Division 1;Saudi Arabia
Saudi Arabia Pro League;Saudi Arabia
Saudi Arabia First Division Women;Saudi Arabia
Saudi Arabia Youth League;Saudi Arabia
Saudi Arabia Division 2;Saudi Arabia
Saudi Arabia U19 Premier League;Saudi Arabia
Saudi Arabia Premier League Women;Saudi Arabia
Saudi Arabia Super Cup;Saudi Arabia
Saudi Arabia Cup;Saudi Arabia
Saudi Arabia Cup Women;Saudi Arabia
Saudi Arabia Reserve League;Saudi Arabia
Saudi Arabia Super Cup Women;Saudi Arabia
Saudi Arabia U21 League;Saudi Arabia
Saudi Arabia Women Super Cup;Saudi Arabia
Saudi Crown Prince Cup;Saudi Arabia
Scottish Junior Cup;Scotland
Scotland Premiership;Scotland
Scotland Lowland League;Scotland
Scotland Highland League;Scotland
Scotland Championship;Scotland
Scotland League One;Scotland
Scotland League Two;Scotland
Scotland Women Premier League;Scotland
Scotland Women Premier League 2;Scotland
Scotland Women’s League Play-Offs;Scotland
Scotland Reserve League;Scotland
Scotland FA Cup;Scotland
Scotland Women FA Cup;Scotland
Scotland Reserve Cup;Scotland
Scotland Lowland League Cup;Scotland
Scotland SWPL Cup Women;Scotland
Scotland League Challenge Cup;Scotland
Scotland League Two Play-Offs;Scotland
Scotland Championship Play-Offs;Scotland
Scotland League One Play-Offs;Scotland
Scotland Premiership Play-Offs;Scotland
Scotland Womenâ€™s League Play-Offs;Scotland
Scotland League Cup;Scotland
Scotland Regional Cup;Scotland
Écosse - Premier League - Femmes;Scotland
Senegal Premier League;Senegal
Senegal Ligue 2;Senegal
Senegal FA Cup;Senegal
Senegal League Cup;Senegal
Senegal U20 League Cup;Senegal
Serbia Prva Liga;Serbia
Serbia Super Liga;Serbia
Serbia U19 League;Serbia
Serbia League Women;Serbia
Serbia Cup;Serbia
Serbia Cup Women;Serbia
Serbia Super Liga Play-Offs;Serbia
Serbia First League Women;Serbia
Seychelles Cup;Seychelles
Seychelles Premier League;Seychelles
Seychelles Presidents Cup;Seychelles
Sierra Leone Premier League;Sierra Leone
Singapore Charity Shield;Singapore
Singapore Premier League;Singapore
Singapore National Football League Div 1;Singapore
Singapore Cup;Singapore
Singapore Premier League 2;Singapore
Slovakia Cup;Slovakia
Slovakia 3. Liga;Slovakia
Slovakia 2. Liga;Slovakia
Slovakia I Liga Women;Slovakia
Slovakia Super Liga;Slovakia
Slovakia Youth 2.Liga;Slovakia
Slovakia Youth League;Slovakia
Slovakia 4. Liga;Slovakia
Slovakia Cup Women;Slovakia
Slovakia Super Liga Play-Offs;Slovakia
Slovakia Youth Regional League;Slovakia
Slovakia U19 League Women;Slovakia
Slovakia Regional League;Slovakia
Slovenia U19 League;Slovenia
Slovenia 2. SNL;Slovenia
Slovenia Prva Liga;Slovenia
Slovenia Cup;Slovenia
Slovenia 3. SNL;Slovenia
Slovenia League Women;Slovenia
Slovenia Cup Women;Slovenia
Slovenia Prva Liga Play-Offs;Slovenia
Solomon Islands S League;Solomon Islands
South Africa Premier;South Africa
South Africa National Div 1;South Africa
South Africa Diski Challenge;South Africa
South Africa League Women;South Africa
South Africa National Div 2;South Africa
South Africa Cup;South Africa
South Africa Second League Women;South Africa
South Africa Play Offs;South Africa
South Africa Supa 8 Cup;South Africa
South Africa Diski Shield;South Africa
South Africa League Cup;South Africa
South Africa Varsity Challenge;South Africa
South Africa Varsity Women;South Africa
África do Sul - Divisão Nacional 2;South Africa
South Korea K League 1;South Korea
South Korea K League 2;South Korea
South Korea K3 League;South Korea
South Korea Cup;South Korea
South Korea K4 League;South Korea
South Korea Women K League;South Korea
South Korea K League Play Offs;South Korea
South Korea K-League 1 Play-Offs;South Korea
Spain Youth League;Spain
Spain Tercera Group 10;Spain
Spain Tercera Group 6;Spain
Spain Segunda Federacion Women;Spain
Spain Copa del Rey;Spain
Spain Tercera Group 11;Spain
Spain Segunda;Spain
Spain La Liga;Spain
Spain Regional League;Spain
Spain Tercera Group 12;Spain
Spain Queens League - 40 mins play;Spain
Spain Primera Division RFEF Group 1;Spain
Spain Primera Division RFEF Group 2;Spain
Spain Segunda Division RFEF Group 2;Spain
Spain Tercera Group 17;Spain
Spain Tercera Group 8;Spain
Spain Segunda Division RFEF Group 4;Spain
Spain Segunda Division RFEF Group 5;Spain
Spain Tercera Group 15;Spain
Spain Tercera Group 16;Spain
Spain Tercera Group 3;Spain
Spain Tercera Group 4;Spain
Spain Segunda Division RFEF Group 1;Spain
Spain Tercera Group 13;Spain
Spain Segunda Division RFEF Group 3;Spain
Spain Tercera Group 1;Spain
Spain Tercera Group 2;Spain
Spain Tercera Group 7;Spain
Spain Tercera Group 5;Spain
Spain Tercera Group 9;Spain
Spain Tercera Group 18;Spain
Spain Kings League - 40 mins play;Spain
Spain Tercera Group 14;Spain
Spain Copa De La Reina;Spain
Spain Regional Cup;Spain
Spain U19 Cup;Spain
Spain Tercera Federacion Women;Spain
Spain Primera Women;Spain
Spain Primera Federacion Women;Spain
Spain University League;Spain
Spain Copa de Catalunya;Spain
Spain Segunda Division RFEF Play-Offs;Spain
Spain Women Regional League;Spain
Spain Tercera - Play-offs;Spain
Spain Primera Division RFEF Play-Offs;Spain
Spain Regional League Play-Offs;Spain
Spain Segunda B Group 1;Spain
Spain Copa Federacion;Spain
Spain Super Cup;Spain
Spain Copa Andalucia Women - 80 mins play;Spain
Spain Kings Cup - 36 mins play inc. Match Ball;Spain
Spain Kings League;Spain
Spain Queens Cup - 36 mins play inc. Match Ball;Spain
Spain Queens League;Spain
Spain Super Cup Women;Spain
Spain Women Segunda Play-Offs;Spain
Spanish Copa de Catalunya Women;Spain
Suriname Major League;Suriname
Suriname Topklasse;Suriname
Sweden Cup;Sweden
Sweden Cup Women;Sweden
Sweden 2.div Norrland;Sweden
Sweden 2.div Östra Götaland;Sweden
Sweden 2.div Norra Götaland;Sweden
Sweden 1.div Södra;Sweden
Sweden 2.div Norra Svealand;Sweden
Sweden 2.div Västra Götaland;Sweden
Sweden 2.div Södra Götaland;Sweden
Sweden 1.div Norra;Sweden
Sweden Superettan;Sweden
Sweden Allsvenskan;Sweden
Sweden Damallsvenskan;Sweden
Sweden Elitettan;Sweden
Sweden Cup Qualification;Sweden
Sweden 2.div Ã–stra GÃ¶taland;Sweden
Sweden 2.div Södra Svealand;Sweden
Sweden Allsvenskan Qualification;Sweden
Sweden Div 1 Qualification;Sweden
Sweden Div 1 Women;Sweden
Sweden Div 2 Qualification;Sweden
Sweden Superettan Qualification;Sweden
Swedish Damallsvenskan Play-Off;Swedish
Swiss Cup;Switzerland
Switzerland Challenge League;Switzerland
Switzerland 1.Liga Promotion;Switzerland
Switzerland Women Nationalliga B;Switzerland
Switzerland 1.Liga Classic;Switzerland
Switzerland Super League;Switzerland
Switzerland Division 1 Women;Switzerland
Switzerland U19 Elite;Switzerland
Switzerland 2. Liga Interregional;Switzerland
Switzerland Cup Women;Switzerland
Switzerland Women Play-Offs;Switzerland
Switzerland - Play-Offs;Switzerland
Switzerland Erste Liga Cup;Switzerland
Switzerland Regional Cup;Switzerland
Syria Division 2;Syria
Syria Division 1;Syria
Syria Cup;Syria
Syria Youth League;Syria
Taiwan Mulan League Women;Taiwan
Taiwan Premier League;Taiwan
Taiwan Cup;Taiwan
Taiwan Cup Women;Taiwan
Taiwan League Division 2;Taiwan
Taiwan Play Offs;Taiwan
Tajikistan Vysshaya Liga;Tajikistan
Tajikistan Super Cup;Tajikistan
Tajikistan Cup;Tajikistan
Tanzania Premier League;Tanzania
Tanzania Cup;Tanzania
Tanzania Community Shield;Tanzania
Tanzania First Division;Tanzania
Tanzania Play-Offs;Tanzania
Tanzania Second Division;Tanzania
Zanzibar Premier League;Tanzania
Zanzibar Mapinduzi Cup;Tanzania
Zanzibar FA Cup;Tanzania
Thailand Cup;Thailand
Thailand League Women;Thailand
Thailand Division 2;Thailand
Thailand Premier League;Thailand
Thailand League Cup;Thailand
Thailand Division 3;Thailand
Thailand Division 4;Thailand
Thailand University League;Thailand
Thailand Division 3 Cup;Thailand
Thailand U21 League;Thailand
Thailand U23 League;Thailand
Togo Premier Division;Togo
Togo Cup;Togo
Togo League Women;Togo
Trinidad & Tobago Premier League 2;Trinidad & Tobago
Trinidad & Tobago Premier League;Trinidad & Tobago
Trinidad & Tobago Ascension Tournament;Trinidad & Tobago
Trinidad & Tobago League Cup;Trinidad & Tobago
Trinidad & Tobago Pro League;Trinidad & Tobago
Tunisia League 3;Tunisia
Tunisia League 1;Tunisia
Tunisia League 2;Tunisia
Tunisia Cup;Tunisia
Tunisia Super Cup;Tunisia
Tunísia - Liga 1;Tunisia
Tunísia - Liga 2;Tunisia
Turkey Cup;Turkey
Turkey U19 League;Turkey
Turkey 2 Lig Beyaz;Turkey
Turkey Super Lig;Turkey
Turkey 1 Lig;Turkey
Turkey 2 Lig Kirmizi;Turkey
Turkey 3.Lig Group 3;Turkey
Turkey League Women;Turkey
Turkey 3.Lig Group 2;Turkey
Turkey 3.Lig Group 1;Turkey
Turkey 3.Lig Group 4;Turkey
Turkey 1 Ligi Women;Turkey
Turkey Amateur League;Turkey
Turkey 3. Lig Promotion Group Play-Offs;Turkey
Turkey 2.Lig Play-offs;Turkey
Turkey Super Cup;Turkey
Türkiye 1 Lig;Turkey
Türkiye 1 Ligi Women;Turkey
Türkiye 2 Lig Beyaz;Turkey
Türkiye 2 Lig Kirmizi;Turkey
Türkiye 2.Lig Play-offs;Turkey
Türkiye 3. Lig Promotion Group Play-off;Turkey
Türkiye 3.Lig Group 1;Turkey
Türkiye 3.Lig Group 2;Turkey
Türkiye 3.Lig Group 3;Turkey
Türkiye 3.Lig Group 4;Turkey
Türkiye Amateur League;Turkey
Türkiye Cup;Turkey
Türkiye Super Cup;Turkey
Türkiye Super Lig;Turkey
Türkiye U19 League;Turkey
Türkiye Womens League;Turkey
UAE Premier League;UAE
UAE Reserve League;UAE
UAE FA Cup;UAE
UAE Division 1;UAE
UAE Cup;UAE
UAE Youth League;UAE
UAE U19 League;UAE
UAE U21 Cup;UAE
UAE U19 Cup;UAE
UAE Second Division;UAE
UAE Super Cup;UAE
Uganda Premier League;Uganda
Uganda Division 2;Uganda
Uganda Cup;Uganda
Uganda Super League Women;Uganda
Uganda Cup Women;Uganda
Uganda Super 8;Uganda
Ukraine Vyscha Liga;Ukraine
Ukraine Persha Liga;Ukraine
Ukraine Cup;Ukraine
Ukraine Play-Offs;Ukraine
Ukraine Druha Liga;Ukraine
Ukraine Cup Women;Ukraine
Ukraine Division 1 Women;Ukraine
Ukraine U19 Vyscha Liga;Ukraine
UK Friendlies;United Kingdom
MLS Play-offs;USA
USA College Championship;USA
USA College Championship Women;USA
USA College Cup;USA
USA NISA Pro Cup;USA
USA USL Super League Women;USA
University Tournament;University
Viareggio Cup Women;University
Uruguay Cup;Uruguay
Uruguay Amateur Cup;Uruguay
Uruguay Apertura;Uruguay
Uruguay Reserve League;Uruguay
Uruguay Segunda;Uruguay
Uruguay League Women;Uruguay
Uruguay Torneo Intermedio;Uruguay
Uruguay Segunda B Nacional;Uruguay
Uruguay Primera Division Amateur;Uruguay
Uruguay Clausura;Uruguay
Uruguay Copa de la Liga;Uruguay
Uruguay Grand Final;Uruguay
Uruguay Supercopa;Uruguay
Uruguay U19 League;Uruguay
USA MLS;USA
USA USL Championship;USA
USA USL League One;USA
USA NWSL Challenge Cup Women;USA
USA MLS Next Pro League;USA
USA NWSL Women;USA
USA NPSL;USA
USA US Open Cup;USA
USA NISA;USA
USA UPSL;USA
USA USL League One Cup;USA
USA USL League Two;USA
USA USL W-League Women;USA
USA WPSL Women;USA
USA League Women;USA
USA NISA Independent Cup;USA
Uzbekistan PFL;Uzbekistan
Uzbekistan Super Cup Women;Uzbekistan
Uzbekistan League Women;Uzbekistan
Uzbekistan Cup;Uzbekistan
Uzbekistan Super Cup;Uzbekistan
Uzbekistan 1st Division;Uzbekistan
Uzbekistan Cup Women;Uzbekistan
Uzbekistan PFL Play-Offs;Uzbekistan
Uzbekistan Play-Offs;Uzbekistan
Venezuela Primera Division;Venezuela
Venezuela Segunda Division;Venezuela
Venezuela Cup;Venezuela
Venezuelan Finals;Venezuela
Vietnam V-League;Vietnam
Vietnam U19 Championship;Vietnam
Vietnam V-League 2;Vietnam
Vietnam Cup;Vietnam
Vietnam Division 2;Vietnam
Vietnam Championship Women;Vietnam
Vietnam Play-Offs;Vietnam
Vietnam U21 Championship;Vietnam
Vietnam Cup Women;Vietnam
Vietnam Division 3;Vietnam
Vietnam Super Cup;Vietnam
Vietnam U19 Championship Women;Vietnam
Wales Championship South;Wales
Wales Premier League;Wales
Wales Championship North;Wales
Wales Premier League Women;Wales
Wales Cup;Wales
Wales League Cup;Wales
Wales League Cup Women;Wales
Women’s Friendly;International (World)
Women’s International;International (World)
Zambia Super League;Zambia
Zambia Cup;Zambia
Zambia Charity Shield;Zambia
Zambia Charity Shield Women;Zambia
Zambia Division 1;Zambia
Zambia League Women;Zambia
Zimbabwe Premier Soccer League;Zimbabwe
Zimbabwe Super Cup;Zimbabwe
Zimbabwe Cup;Zimbabwe
AFC Asian Cup Women;International (Asia)
AFC Solidarity Cup;International (Asia)
African Football League;International (Africa)
Algarve Cup;Portugal
Algeria League Cup;Algeria
Algeria U19 Cup;Algeria
Algeria Youth League;Algeria
Arab Club Championship;International (Asia)
Arab Cup U20;International (Asia)
Argentina Copa Federal Women;Argentina
Argentina Primera D Metropolitana;Argentina
Argentina Torneo De Verano;Argentina
Argentina Women Regional League;Argentina
Armenia Championship Women;Armenia
Asian Games;International (Asia)
Asian Games Women;International (Asia)
Australia Brisbane Premier League Women;Australia
Australia Capital Territory NPL2 U23 League;Australia
Australia FFA Cup;Australia
Australia Federation Cup Women;Australia
Australia Gold Coast League 1;Australia
Australia Gold Coast Midweek Metro;Australia
Australia N NSW League 1 Reserves - 80 mins play;Australia
Australia New South Wales League 1 Women;Australia
Australia New South Wales NPL2 Women;Australia
Australia Northern NSW Division 1;Australia
Australia Queensland Premier League 2 Women;Australia
Australia Queensland Premier League 4;Australia
Australia SA Cup Women;Australia
Australia South Australia State League 2;Australia
Australia Tasmania Championship 1;Australia
Australia Tasmania Championship Women;Australia
Australia Tasmania Lakoseljac Cup;Australia
Australia Victoria NPL2 U21 League;Australia
Australia Victoria NPL3 U21 League;Australia
Australia Victoria Premier League;Australia
Australia Victoria Premier League 3;Australia
Australia Victoria Premier League Women;Australia
Australia Victoria State League 1 Reserves;Australia
Australia Victoria State League 2;Australia
Australia Victoria State League 2 Reserves;Australia
Australia Victoria U21 League;Australia
Australia Western Australia State League 1 Women;Australia
Australia Western Australia State League 2;Australia
Australia Womens Federation Cup;Australia
Bangladesh Independence Cup;Bangladesh
Belgium Reserve Cup;Belgium
Belgium U21 Cup;Belgium
Belgium UEFA Europa League Play-Offs;Belgium
Belgium Youth League;Belgium
Bhutan League Women;Bhutan
Bhutan Presidents Cup;Bhutan
Bhutan Super League;Bhutan
Bolivia Cup Women;Bolivia
Bolivia Nacional B;Bolivia
Bolivia Regional Cup;Bolivia
Bolivia U20 Cup;Bolivia
Brazil Brazil Campeonato Paulista A2;Brazil
Brazil Brazil Campeonato Paulista A3;Brazil
Brazil Brazil Serie A U20;Brazil
Brazil Brazil Serie A Women;Brazil
Brazil Camp Sul-Matogrossense Women - 80 mins play;Brazil
Brazil Campeonato Brasileiro U20;Brazil
Brazil Campeonato Brasileiro Women;Brazil
Brazil U20 Cup - 80 Mins Play;Brazil
Brazil U23 Cup;Brazil
Brazilian Matches;Brazil
Brazilian Women Matches;Brazil
Bulgaria B PFG;Bulgaria
Burundi Super Cup;Burundi
CAFA Womens Championship;International (Asia)
CFU Caribbean Cup;International (North America)
CFU Club Championship;International (North America)
CONCACAF Champions League;International (North America)
CONCACAF Championship Women;International (North America)
CONCACAF Gold Cup Qualifying Women;International (North America)
CONCACAF League;International (North America)
Canada Soccer League;Canada
Central America - World Cup Qualifying;International (North America)
Central American and Caribbean Games;International (North America)
Central American and Caribbean Games Women;International (North America)
Chile Play-Offs;Chile
China Play-Offs;China
Colombia Women Regional League;Colombia
Costa Rica U20 League;Costa Rica
Croatia 1.HNL;Croatia
Croatia 2.HNL;Croatia
Croatia 3.HNL;Croatia
Croatia Super Cup;Croatia
Cuba National League Women;Cuba
Czech 6 Ligy;Czech Republic
Czech Liga Pro;Czech Republic
Czech Republic 5. Ligy;Czech Republic
Czech Republic Division 1 Women;Czech Republic
Czech Republic Division 2 Women;Czech Republic
Czech Women Cup;Czech Republic
Denmark 2 Division Women;Denmark
Denmark Jyllandsserien P3;Denmark
Denmark Reserve League;Denmark
Denmark Womens 1.Division;Denmark
Djibouti Cup;Djibouti
Dubai Cup;United Arab Emirates
EMF Mini Euro - 50 mins play;International (Europe)
Ebasketball H2H GG League - 4x5mins;International (World)
Ecuador Campeonato Nacional;Ecuador
Ecuador Primera B;Ecuador
Ecuador Segunda Division;Ecuador
Ecuador U19 League;Ecuador
Egypt Cup Women;Egypt
England Community Shield;England
England FA Premier Women;England
England League 1;England
England National League Women;England
England Northern League Challenge Cup;England
England U23 Development League;England
Esoccer Pro Player Cup - 12 mins play;International (World)
Esoccer eClub World Cup - 12 mins play;International (World)
Esoccer eNations World Cup - 12 mins play;International (World)
Esoccer eWorld Cup - 12 mins play;International (World)
Estonia II Liiga;Estonia
Estonia Super Cup;Estonia
FA Vase;England
Fiji League Women;Fiji
Finland Division 1;Finland
France Gambardella Cup;France
France University League;France
French Guiana Ligue 1;French Guiana
Friendly Match - 70 mins play;International (World)
German Cup;Germany
Germany 3. Liga;Germany
Germany Bundesliga I;Germany
Germany District League;Germany
Germany Oberliga Play-Offs;Germany
Germany Regionalliga U19;Germany
Germany Saarlandliga;Germany
Germany Westfalenliga;Germany
Gibraltar Super Cup;Gibraltar
Greece Football League;Greece
Greece Super League 1 2;Greece
Greece Super League 1 2 U19;Greece
Greece Super League 1 U19;Greece
Greece Super League 1 Women;Greece
Greece Super League 2;Greece
Greece Super League 2 U20;Greece
Greece Super League Play-offs;Greece
Greece Super League U20;Greece
Grenada Club Championship;Grenada
Guyana Elite League;Guyana
Holland Derde Divisie;Netherlands
Holland Super Cup;Netherlands
Honduras Cup;Honduras
Hong Kong Cup Women;Hong Kong
Hong Kong Division One League Cup;Hong Kong
Hong Kong Division Three League Cup;Hong Kong
Hong Kong Division Two League Cup;Hong Kong
Hong Kong Reserve Division;Hong Kong
Hungary U19 League Women;Hungary
India Chennai Senior Division;India
India Delhi League - 80 mins play;India
India I-League 2nd Division Qualifying;India
India Manipur League Women;India
India Manipur League Women - 80 mins play;India
India Punjab Super League;India
Indonesia Liga 3 - 80 mins play;Indonesia
Indonesia Menpora Cup;Indonesia
Indonesia U20 League - 80 mins play;Indonesia
Indoor Soccer - 10 mins Play;International (World)
Indoor Soccer - 18 mins play;International (World)
International Cup of Champions;International (World)
International Island Games;International (Europe)
Iran Play-Offs;Iran
Ireland Presidents Cup Women;Ireland
Italy Serie A/B Play-Offs;Italy
Jamaica Cup;Jamaica
Japan Cup;Japan
Kazakhstan Cup Women;Kazakhstan
Kazakhstan Division 1;Kazakhstan
Kosovo Super Cup;Kosovo
Kuwait Youth League;Kuwait
Latvia League Women;Latvia
Lebanon Challenge Cup;Lebanon
Lebanon Elite Cup;Lebanon
Liberia Super Cup Women;Liberia
Libya Premier League;Libya
Liechtenstein Cup;Liechtenstein
Macau 2nd Division;Macau
Macau 3rd Division;Macau
Malaysia Premier League;Malaysia
Malaysia U19 Cup;Malaysia
Malaysia University League;Malaysia
Maldives Cup;Maldives
Maldives Premier League;Maldives
Maldives Second Division;Maldives
Mauritius Premier League;Mauritius
Mexico Apertura;Mexico
Mexico Champion of Champions;Mexico
Mexico Clausura;Mexico
Mexico Copa Conecta;Mexico
Mexico Liga MX;Mexico
Mexico Liga MX Femenil;Mexico
Mexico Liga TDP;Mexico
Mexico Liga de Expansion;Mexico
Mexico Segunda Division;Mexico
Mexico Super Cup;Mexico
Mexico U20 League;Mexico
Mexico U23 League;Mexico
Mongolia National League Women;Mongolia
Mongolia National League Women - 80 mins play;Mongolia
Mongolia Second League;Mongolia
Nepal C Division;Nepal
Netherlands Reserve League;Netherlands
New Zealand Central Premier League;New Zealand
New Zealand Northern Premier League;New Zealand
New Zealand Southern Football League;New Zealand
Nicaragua Segunda Division;Nicaragua
Northern Ireland Charity Shield;North Ireland
Olympic Qualification;International (World)
Other Match;International (World)
Palestine Division 1;Palestine
Palestine West Bank League;Palestine
Pan American Games;International (South America)
Pan American Games Women;International (South America)
Peru Play-Offs;Peru
Peru Primera Division;Peru
Peru Segunda;Peru
Philippines Cup;Philippines
Philippines PFL Cup;Philippines
Poland Ekstraklasa Women;Poland
Puerto Rico League Women;Puerto Rico
Qatar U20 League;Qatar
Qatar U23 League;Qatar
Recopa de Costa Rica;Costa Rica
Republic of Ireland Amateur Cup;Ireland
Republic of Ireland Cup;Ireland
Republic of Ireland League Cup;Ireland
Republic of Ireland U19 Cup;Ireland
Republic of Ireland U19 League;Ireland
Romania Regional Cup;Romania
Russia Cup;Russia
Russia Premier League;Russia
Rwandan Division 2;Rwanda
Saint Lucia Premier League;Saint Lucia
Saudi Arabia Premier League;Saudi Arabia
Scotland Amateur League;Scotland
Senegal Super Cup;Senegal
South Africa Reserve League;South Africa
South Asian Championship;International (Asia)
Spain Kingdom Cup - 40 mins play;Spain
Spain Primera Nacional Women;Spain
Spain Segunda Women;Spain
Sri Lanka President Cup;Sri Lanka
Sri Lanka Super League;Sri Lanka
Sweden Women Div 2;Sweden
Tanzania League Women;Tanzania
Tanzania U20 League;Tanzania
Thailand Super Cup;Thailand
Togo Second Division;Togo
Trinidad & Tobago Super League;Trinidad and Tobago
Turkey 2 Ligi Women;Turkey
Turkey Reserve League;Turkey
Turkmenistan Cup;Turkmenistan
Turkmenistan Yokary Liga;Turkmenistan
U19 Tournament;International (World)
U20 World Championship Women;International (World)
U23 Africa Cup of Nations;International (Africa)
U23 Africa Cup of Nations Qual;International (Africa)
UEFA CONMEBOL Club Challenge;International (Europe)
UEFA Europa Conference League;International (Europe)
UEFA Europa Conference League Qualifying;International (Europe)
USA USL PDL;United States
USL W-League Women;United States
Uganda Elite League Women;Uganda
Uganda Regional League;Uganda
University Tournament - 70 mins play;International (World)
Venezuela Reserve League;Venezuela
Viareggio Cup;Italy
WAFF Clubs Championship Women;International (Asia)
Women's World Cup;International (World)
Womens Friendly;International (World)
Womens International;International (World)
Womens U20 International;International (World)
Womens U23 International;International (World)
Womens World Cup Qual;International (World)
World Cup 2022;International (World)
World Cup 2026;International (World)
World Cup Intercontinental Play-Offs;International (World)
Youth Tournament;International (World)
Youth Tournament - 70 mins play;International (World)
Argentina Reserve League Women;Argentina
Argentina Women Regional League - 80 mins play;Argentina
Argentina Women Regional League – 80 mins play;Argentina
Audi Cup;International (World)
Australia Brisbane Canale Cup;Australia
Australia Brisbane Capital League 1 Reserves;Australia
Australia Brisbane Capital League 2;Australia
Australia Brisbane Capital League 2 Reserves;Australia
Australia Brisbane Capital League 3;Australia
Australia Brisbane Capital League Women;Australia
Australia Brisbane Cup Women;Australia
Australia Brisbane Premier League;Australia
Australia FQPL 2;Australia
Australia FQPL 2 U23;Australia
Australia FQPL U23;Australia
Australia FQPL Women;Australia
Australia Gold Coast League 1 Reserves;Australia
Australia Gold Coast Premier League;Australia
Australia Gold Coast Reserves;Australia
Australia NSW Premier League 2 U20;Australia
Australia New South Wales League 3;Australia
Australia Northern NSW League 1 Reserves;Australia
Australia Sunshine Coast Premier League;Australia
Australia Sunshine Coast Premier League Women;Australia
Australia W-League;Australia
Australia Western Australia U23 League Women;Australia
Austria Play-Offs;Austria
Bangalore A Division - 70 mins play;India
Bangalore B Division - 70 mins play;India
Belarus Cup;Belarus
Belarus Division 1;Belarus
Belarus Play-Offs;Belarus
Belarus Premier League;Belarus
Belarus Premier League Women;Belarus
Belarus Reserve League;Belarus
Belarus Super Cup;Belarus
Belarus Women Cup;Belarus
Belarus Women Super Cup;Belarus
Belgium Third Amateur Division;Belgium
Bhutan District League;Bhutan
Bhutan Thimphu League;Bhutan
Bolivia Regional League;Bolivia
Brazil Tocantinense Women – 70 mins play;Brazil
Bulgaria Cup Women;Bulgaria
CECAFA Women’s Champions League;International (Africa)
Cayman Islands Premier League;Cayman Islands
Colombia Copa Premium U25;Colombia
Colombia Primera C;Colombia
Colombia U21 Championship;Colombia
Colombia U23 Championship;Colombia
Comoros Premier League;Comoros
DR Congo Super Ligue;DR Congo
Denmark 2. Division Group 1;Denmark
Denmark 2. Division Group 2;Denmark
Denmark Series Play-Offs;Denmark
Denmark Superligaen Play-Offs;Denmark
Ecuador Regional League;Ecuador
Ecuador Reserve League;Ecuador
England County Cup;England
England County League;England
England FA Premier South Women;England
England North West Counties League;England
England Northern Counties East League;England
England Ryman Division One;England
Estonia Small Cup;Estonia
Euro 2020;International (Europe)
Fiji U19 League;Fiji
Finland Kakkosen Cup;Finland
Finnish Kansallinen Liiga Women;Finland
Friendly Match - 30 Mins Play;International (World)
Georgia Erovnuli Liga 2;Georgia
Guadeloupe Division of Honor;Guadeloupe
Guatemala Tercera Division;Guatemala
Haiti Division 1;Haiti
India Bangalore B Division - 70 mins play;India
India Delhi League Women - 70 mins play;India
India Goa First Division;India
India Goa League Women;India
India JKFA Pro League;India
India Madhya Pradesh Premier League;India
Iran U23 League;Iran
Israel Division 2 Women;Israel
Japan Challenge League Women;Japan
Japan Prefectural League;Japan
Latvia 1st League Women;Latvia
Lesotho Premier League;Lesotho
Liberia Presidents Cup;Liberia
Madagascar Cup;Madagascar
Madagascar Pro League;Madagascar
Mauritius Cup;Mauritius
Moldova Super Cup;Moldova
New Caledonia Super Ligue;New Caledonia
New Zealand Canterbury Championship League;New Zealand
New Zealand Mainland Championship;New Zealand
New Zealand Mainland Premier League;New Zealand
New Zealand Mainland Premier League Women;New Zealand
New Zealand Mainland Premier Reserves;New Zealand
New Zealand NRFL Division 1;New Zealand
New Zealand Northern Premier Reserves;New Zealand
New Zealand Regional Cup;New Zealand
New Zealand South Central Series;New Zealand
New Zealand South Central Series Women;New Zealand
Northern Ireland Amateur Cup;North Ireland
Olympics 2020 Soccer - Men;International (World)
Olympics 2020 Soccer - Women;International (World)
Pakistan Premier League;Pakistan
Peru Apertura;Peru
Peru Copa Bicentenario;Peru
Russia 1st Division Women;Russia
Russia Cup Women;Russia
Russia Division 2;Russia
Russia Premier Women;Russia
Russia Super Cup;Russia
Russia Super Cup Women;Russia
Russia Youth Championship;Russia
Samoa National League;Samoa
Samoa Premier League Women;Samoa
Scotland Football League Women;Scotland
Solomon Islands League Women;Solomon Islands
Solomon Islands League Women - 80 mins play;Solomon Islands
Spain Segunda B Group 2;Spain
Spain Segunda B Group 3;Spain
Spain Segunda B Group 4;Spain
Spain Segunda B Group 5;Spain
Spain Segunda B Play-offs;Spain
Sri Lanka Champions League;Sri Lanka
Sudan League;Sudan
Sweden Folksam U21;Sweden
Thailand University Games;Thailand
Tunisia Play-Offs;Tunisia
USA NISA Legends Cup;United States
Ukraine - Supercup;Ukraine
Ukraine Division 2 Women;Ukraine
Ukraine Reserve League;Ukraine
Vanuatu Premier League;Vanuatu
Venezuela U20 League;Venezuela
Belgio - Prima divisione A;Belgium
Brazil Copa Rio U20 Women;Brazil
Griechenland - Super League 1;Greece
Mexico Liga MX U19;Mexico
Mexico Liga MX U19 Femenil;Mexico
Mexico U21 League;Mexico
Perú - Liga 1;Peru
Áustria - 2. Liga;Austria
Brazil Campeonato Paranaense U20;Brazil
Brazil Campeonato Baiano U20;Brazil
Brazil Campeonato Goiano U20;Brazil
Brazil Copa Rio U20;Brazil
Finland U21 League;Finland
Série A;Brazil
UAE Pro League;UAE
Bosnia & Herzegovina Super Cup;Bosnia
Brazil Campeonato Brasileiro U20 Women;Brazil
Brazil Recopa Catarinense;Brazil
Mexico Copa Promesas;Mexico
България - Първа Лига;Bulgaria
